logistic_region,origin_uuid,origin_name,origin_latitude,origin_longitude,Pedidos
ABC,de3beebb-65e6-47e6-afd8-c1efc7f9395f,CARREFOUR HIPER - ORATORIO,-23.64625,-46.526795,2280
ABC,93eb0dad-ba9a-4b13-94ec-6215eac43ece,CARREFOUR HIPER - SANTO ANDRE,-23.660138,-46.510439,1564
ABC,691bc714-9bce-4242-86e3-e7308ba564a6,LOPES SUPERMERCADOS - SANTO ANDRE,-23.624969,-46.520888,1563
ABC,38c2136e-4453-41d1-87aa-1649f776cf8f,BARBOSA - JD. PEDREIRA,-23.696116,-46.668686,1499
ABC,f66d3974-df3f-4bee-bff9-74e92d19464a,ATACADAO SAO CAETANO DO SUL,-23.619092,-46.58118,1499
ABC,6b57c1e0-6db6-4f24-ae18-0b2c153945b2,CARREFOUR HIPER - PAULICEIA,-23.655305,-46.595304,1490
ABC,ba5952a4-65da-4547-8f74-7e41be696c1c,ASSAI - ANCHIETA,-23.668609,-46.573722,1371
ABC,8117040a-5d8e-41c5-84ea-b200e50ec53c,NAGUMO EXPRESS - SOLAR - STO ANDRE,-23.69295,-46.505938,1364
ABC,bfe446ef-b4e7-4603-a1da-6b29b24882fc,LOPES SUPERMERCADOS - SBC,-23.703771,-46.576628,1274
ABC,1dad87e9-ef46-4b03-af53-c4f81f962818,SUPERMERCADO CLUB DE CAMPO - CLUBAO,-23.699532,-46.609233,1268
ABC,6e4f304f-7635-4462-897d-c436142fb91b,SUPERMERCADO NAGUMO - S. ANDRE CENTRO,-23.668326,-46.519722,1250
ABC,edd84804-38a6-48c8-accc-65228af47ab2,CARREFOUR HIPER - SAO CAETANO,-23.610744,-46.563902,1245
ABC,ae5d37d6-469e-403b-87b9-962e187d4ce0,ATACADAO SAO BERNARDO CENTRO,-23.722321,-46.547749,1207
ABC,784b0198-d8dc-4b0a-9e41-e39203102071,CARREFOUR BAIRRO - SAO BERNARDO,-23.712147,-46.542367,1189
ABC,628de69d-515e-48f6-b503-7693bd711f08,PAO DE ACUCAR - SAO CAETANO,-23.620943,-46.563986,1101
ABC,9bc17691-87a1-421b-a7f5-7f9e5673b394,CARREFOUR HIPER - SAO BERNARDO,-23.676374,-46.554708,1034
ABC,37d435d8-71cf-4ae6-9951-39ff6e86d865,ATACADAO DIADEMA CUPECE,-23.685313,-46.63292,1014
ABC,a51ff874-ff1b-4c48-a9e8-5dfc5c82dd9c,NAGUMO EXPRESS - CAMILOPOLIS,-23.620863,-46.528771,1010
ABC,8be71b70-6cb5-4133-a6ba-a9ba266ef506,EXTRA TABOAO,-23.669521,-46.610139,944
ABC,13f0dc99-d0c0-4066-89b4-948396ef1491,D’AVO SUPERMERCADOS – SBC,-23.7072,-46.53455,930
ABC,502f9c96-3250-4788-90f6-ab689d42e841,CARREFOUR HIPER - SANTO ANDRE SHOPPING,-23.669627,-46.535781,927
ABC,88117a06-0f8d-4bf7-a0bf-028296b43484,ATACADAO - SANTO ANDRE CAPUAVA,-23.658515,-46.500987,921
ABC,a4677032-40d7-495a-9e8f-2fb52a66ec7a,BIG BY CARREFOUR SAO CAETANO,-23.610744,-46.563902,915
ABC,54e305b4-6027-487d-b7e7-e0dbf5ea4ea2,BIG BY CARREFOUR - PAULICEIA,-23.655305,-46.595304,896
ABC,41aa0cdd-53e8-4b99-a107-fcf041577324,CARREFOUR HIPER - SBC DEMARCHI,-23.727119,-46.552018,886
ABC,02bed07a-a98a-4462-af2a-845be8c87e90,BIG BY CARREFOUR - SAO BERNARDO DEMARCHI,-23.727119,-46.552018,825
ABC,e78bbcbe-431e-45a0-8953-bcc9911083c6,ROLDAO STO ANDRE II (JOAO RAMALHO),-23.651162,-46.511764,804
ABC,dbd749e3-dbfd-40e3-bf9d-45224d42aa50,EXTRA SAO BERNARDO,-23.741808,-46.555312,802
ABC,a08d8a1c-ec64-4dd1-820a-52c782d8eb7f,PAO DE ACUCAR - SAO BERNARDO,-23.705241,-46.550105,800
ABC,d2a167bf-1328-41c1-bc02-12c417e727ca,BARBOSA - SAO BERNARDO DO CAMPO,-23.698679,-46.565428,797
ABC,946c2417-6071-411c-ba99-64aebdddb8a5,EXTRA SANTA TEREZINHA,-23.632337,-46.530517,792
ABC,357ce640-b156-4300-8bca-4e3f6c3e58ae,BIG BY CARREFOUR - SANTO ANDRE,-23.660428,-46.510302,777
ABC,b5ee86b9-859f-413f-b03f-1ca6e4c08cc2,ATACADAO - DIADEMA CANHEMA,-23.681843,-46.605543,749
ABC,c97c5de2-5ba6-4696-9d48-c3a0dd760910,COOP - CAPUAVA,-23.640564,-46.499324,738
ABC,2ab57695-fb08-4868-b1cf-d31e017d7811,COOP - JOAQUIM NABUCO,-23.714891,-46.55343,735
ABC,ce58d8c6-bd67-4c85-a943-ddd3719ab1fb,ROLDAO SANTO ANDRE I,-23.66255,-46.512428,676
ABC,a4871963-bcdf-474f-ae2f-e50c07c55c4f,EXTRA PIRAPORINHA,-23.690514,-46.580224,670
ABC,3ac7c838-8fb0-4a03-a839-44879b3de869,ROLDAO SAO BERNARDO DO CAMPO,-23.67198,-46.577485,669
ABC,8ed50eef-ca53-4c00-bb76-55cbae890f45,COOP - INDUSTRIAL,-23.639405,-46.539807,612
ABC,a48de97d-0c25-4e5d-a812-e0164f754418,JOANIN - LOJA 01 - OSWALDO CRUZ,-23.62865,-46.567283,604
ABC,f826085c-5c4d-4bbc-a892-6f0b30363ac4,RICOY - DIADEMA 39,-23.669048,-46.611203,602
ABC,f70deec8-984e-4baa-bde3-010feb8feb57,JOANIN - LOJA 03 - NOVA GERTY,-23.639754,-46.5669,584
ABC,9d912186-6537-40ce-baaa-aa3eb422330a,BIG BY CARREFOUR - SANTO ANDRE SHOPPING,-23.669627,-46.535781,576
ABC,e6c8c562-2ed3-4bd5-9c52-4fc0e00c200c,ATACADAO SAO BERNARDO PIRAPORINHA,-23.691061,-46.574574,545
ABC,571e3e23-5283-457a-a465-ce6e7e35b4c2,JOANIN - LOJA 21 - STA TEREZINHA,-23.723601,-46.534692,539
ABC,a255e9ec-dbbd-4820-97f9-d10dcdf1083f,JOANIN - LOJA 09 - ASSUNCAO,-23.720775,-46.564557,529
ABC,68b15719-17db-462f-a5ac-fcada217aa34,EXTRA RUDGE RAMOS,-23.65523,-46.572024,522
ABC,ccfb9702-759d-4358-bee4-371fc9bc9fe8,EXTRA CASTELO BRANCO,-23.723994,-46.578604,508
ABC,a0c83219-49a8-4b96-b0fb-2c0d92b85efc,MAX ATACADISTA SANTO ANDRE,-23.655359,-46.508301,499
ABC,28502d58-ae42-43ff-a83a-83fc3232813f,VENCEDOR ATACADISTA 107,-23.625054,-46.497651,491
ABC,80bb1385-ba1a-4eb8-aae4-cdb793bfe573,EXTRA VILA GILDA,-23.672549,-46.540074,489
ABC,43577947-c940-4d0b-8f8c-0bc64879a559,MINI EXTRA - DIADEMA,-23.693614,-46.618146,483
ABC,6d284bd1-eef8-477e-b545-e6b14bebf442,COOP - VILA LUZITA,-23.698259,-46.50641,472
ABC,ef289fc3-fd12-4368-9bcc-b01aadc01025,PAO DE ACUCAR - FRESH,-23.619253,-46.570796,464
ABC,e95edd0b-47e5-4fa3-aa3b-2cba21576d49,ATACADAO SANTO ANDRE CENTRO,-23.656405,-46.522546,464
ABC,333f20cf-3e8f-467e-8ef0-d19dde68964f,COOP - GIOVANNI PIRELLI,-23.665366,-46.491821,437
ABC,4c4f48bd-eedb-44be-bd3d-100f46c359f1,EXTRA - BOA VISTA,-23.642815,-46.560732,434
ABC,f741f425-e883-4543-8cf3-98f828e99ed0,BIG BY CARREFOUR SAO BERNARDO,-23.676595,-46.55408,430
ABC,819b35d1-ae83-413d-bcf8-714a8c566ec6,JOANIN - LOJA 12 - DIADEMA,-23.700212,-46.61127,401
ABC,c30e3ac3-8ce4-49d7-9da3-fb53f71bca50,PAO DE ACUCAR - FIGUEIRAS,-23.648637,-46.540189,397
ABC,ec6275d2-9528-49a5-bc62-421cbbd1ea30,OBA HORTIFRUTI - SANTO ANDRE,-23.653867,-46.533109,389
ABC,516e1bfd-89c5-4491-9df3-eee7741140c1,ATACADAO - DIADEMA SERRARIA,-23.701805,-46.605654,386
ABC,12a601df-f45c-4e1a-9f90-31459178fd8c,ATACADAO - SAO BERNARDO DEMARCHI,-23.745858,-46.563391,381
ABC,0cc96c09-73f3-4a48-8815-af46c4f0604b,EXTRA FRESH - SANTO ANDRE,-23.632337,-46.530517,316
ABC,fbb0e612-d6c4-4846-87c1-6be8e08d4072,VENCEDOR ATACADISTA - ASSUNCAO 89,-23.735039,-46.586761,302
ABC,5b79982d-8252-4bbc-8b5a-fcd44f9fbb94,MINI EXTRA AV ITAMARATI,-23.646411,-46.514344,281
ABC,43e73d2d-8394-4281-837b-9b6e3c19995f,PAO DE ACUCAR FRESH -  SANTO ANDRE,-23.64856,-46.540264,273
ABC,63fd942b-fad7-4d31-a751-7c691dec3111,VENCEDOR ATACADISTA - RUA VIANAS 104,-23.707415,-46.527432,263
ABC,c42d78c2-0108-4dd4-8ff3-cce674b47548,IFOOD SUPER BY D'AVO,-23.7072,-46.53455,260
ABC,d67fc06b-8d17-4e20-9e57-6fe47fbe3015,JOANIN - LOJA 14 - SAO BERNARDO DO CAMPO,-23.66286,-46.606824,255
ABC,8ead6645-d651-455d-a58b-81efebaa3973,EXTRA FRESH - RUDGE RAMOS,-23.65523,-46.572024,253
ABC,e208766d-ef02-43d9-9093-591a252a9704,JOANIN - LOJA 22 - FUNDACAO,-23.607696,-46.571351,246
ABC,90f57d78-ddf9-4396-a982-b739a0f0c8ea,PAO DE ACUCAR - SANTO ANDRE,-23.648737,-46.532039,240
ABC,924bd775-39d5-4ef3-a41b-56579104b8bb,EXTRA FRESH - VILA GILDA,-23.672549,-46.540074,233
ABC,08d73b0d-880a-48ed-a8de-927b559d4a14,SAO JUDAS TADEU SUPERMERCADOS,-23.634633,-46.50196,233
ABC,30d785dc-1742-4128-9187-5b2ab412a144,OBA HORTIFRUTI - SAO BERNARDO DO CAMPO,-23.715357,-46.541652,233
ABC,1701bf81-94f3-4f82-9e35-a443a0f05d15,HORTIFRUTI SAUDE JARDIM LAVINIA,-23.72507,-46.569446,222
ABC,2cece095-26a9-4e3f-bf8c-b562d5c1f315,COOP - EMPORIO,-23.662677,-46.532905,220
ABC,3581fe33-6f0f-4118-8116-f963c7de4510,MINI EXTRA - LUIZ PEQUINI,-23.713702,-46.531796,207
ABC,ac5dc094-f122-4b56-a709-aca9e70c199e,MINI EXTRA RUA CARIJO,-23.690424,-46.521565,203
ABC,39497557-a546-4e2d-b5ae-3c304fb4aed2,COMPRE SUPER BEM,-23.708133,-46.503894,197
ABC,3d414fc5-2e4f-4a34-b38a-ae806fd449c7,IFOOD SUPER BY NAGUMO | S. ANDRE CENTRO,-23.668326,-46.519722,190
ABC,d3ef7836-ccd1-4088-8ad0-b9fe9ad47287,BARATEIRO - SAO BERNARDO,-23.705241,-46.550105,185
ABC,d3b5fc13-fb3a-4a09-a067-8bfb5ffef26b,BARATEIRO - SAO CAETANO,-23.620943,-46.563986,183
ABC,3cf21ff0-d2c2-40f0-b934-77ca56fda0ad,NATURAL DA TERRA SAO BERNARDO DO CAMPO,-23.68267,-46.557583,179
ABC,88239fa1-29b1-493b-9101-f043c02fe14d,EXTRA FRESH - SAO CAETANO,-23.642815,-46.560732,171
ABC,e45f841a-c6c3-480d-8028-9263f7340e84,MAX ATACADISTA SAO BERNARDO,-23.674165,-46.571498,170
ABC,a0c83219-49a8-4b96-b0fb-2c0d92b85efc,MAX ATACADISTA SANTO ANDRE,-23.656076,-46.507738,170
ABC,4a349506-1f9b-4aa3-a45e-07c6b5230539,JOANIN - LOJA 23 - SANTA MARIA,-23.631816,-46.552514,166
ABC,86004329-1d9c-4157-b46c-eb7a22f6e348,EXPRESS BY LINO | SANTO ANDRE,-23.663462,-46.538671,152
ABC,07dc3400-0106-4312-950c-84b1cf5243f6,JOANIN - LOJA 19 - SANTO ANDRE,-23.671296,-46.485454,146
ABC,e268c4d0-f91f-431c-b9a3-117699bcfedb,SUPERMERCADO DENISE,-23.719924,-46.525656,140
ABC,a0c83219-49a8-4b96-b0fb-2c0d92b85efc,MAX ATACADISTA SANTO ANDRE,-23.655458,-46.507876,136
ABC,59fc2d85-2285-4f31-a008-1d0cc48d6786,EXPRESS BY CIZI | SAO BERNARDO DO CAMPO,-23.692294,-46.560132,136
ABC,caae9010-a71c-4c59-9205-cf774df4df36,BARATEIRO - RUDGE RAMOS,-23.65523,-46.572024,134
ABC,14e5f9dc-6ac6-43e4-bf1f-264f92ae02c5,BARATEIRO - VILA GILDA,-23.672413,-46.539962,125
ABC,f7edd423-9660-4b9d-a978-b88a14f177c9,MINI EXTRA - ROBERT KENNEDY,-23.721018,-46.574096,124
ABC,130307fe-2f04-42e9-9492-fe5bc73657d9,DOGS DAY PET SHOP - SAO CAETANO,-23.629515,-46.566588,123
ABC,b149e9da-e409-43da-ac39-c07c82b00760,BARATEIRO - SANTO ANDRE,-23.648637,-46.540189,113
ABC,09e318fd-5765-4fd9-a0de-94f533b8c6b1,EXTRA - SANTO ANDRE,-23.647116,-46.534027,102
ABC,167a270d-cc9c-4497-b6a7-d63b7511c71e,BREEDS - SANTO ANDRE,-23.64057,-46.541295,94
ABC,1d9d161d-0fad-48f0-be6b-73fe371fa097,PETZ JOAO FIRMINO,-23.719369,-46.561899,94
ABC,d4fe7bc2-c5a5-46a0-9b7b-5f8124c8d8fe,HIROTA FOOD - SAO BERNARDO,-23.712871,-46.547556,94
ABC,e5c8c3a8-072d-4870-87be-69bdeb125905,COBASI PET FACIL - SAO BERNARDO,-23.71666,-46.551354,91
ABC,083285b1-eda1-4f69-bd74-85124297f57f,COBASI - SAO CAETANO,-23.625216,-46.581701,89
ABC,14e5f9dc-6ac6-43e4-bf1f-264f92ae02c5,BARATEIRO - VILA GILDA,-23.672549,-46.540074,89
ABC,b54d301b-cf1a-4909-a696-50e89eb46ae3,HIROTA FOOD - SAO CAETANO,-23.618625,-46.569799,85
ABC,c0c2f351-1341-4617-ad70-35ec3c9ee85d,PET SHOP DR. HATO - DOM PEDRO,-23.629268,-46.548422,83
ABC,e0fe4083-53fc-4d0a-9088-be9f3e042586,COBASI - DIADEMA,-23.684426,-46.630337,78
ABC,35045192-1db4-447d-b5bc-5dc3f022f43d,BARATEIRO - SC BOA VISTA,-23.64282,-46.56072,77
ABC,3838a329-7c61-4281-b6d9-67d50f252c4e,RICOY - CAMPO GRANDE 23,-23.691882,-46.677098,72
ABC,b7a60184-49a4-493c-8808-4500c7d3195b,PETLOVE - PORTUGAL,-23.66255,-46.532755,71
ABC,169a4a1d-c1d5-45b4-88af-a9671dbf6b69,COBASI - SANTO ANDRE,-23.649694,-46.522919,70
ABC,ef3cde58-5781-49c0-9f07-f2e9f4cd6144,CARREFOUR MARKET - SAO CAETANO,-23.621161,-46.552768,70
ABC,0b16e704-23d1-4811-89fa-b52b0032bd1d,DO BAIRRO SUPERMERCADO,-23.700015,-46.560278,68
ABC,626b114b-71ee-4a60-94b0-c40653a77b53,MINI EXTRA PAULICEIA,-23.670258,-46.589516,68
ABC,3827ce1d-7a6f-4c18-b41d-50ff44da2342,MINI EXTRA VILA HOMERO THON,-23.666265,-46.495406,65
ABC,ca008f69-4adc-4731-83ed-4ad3097f8921,PET SHOP DR HATO - BAETA NEVES,-23.691775,-46.547693,62
ABC,69c3f1b4-eb99-462d-af16-7d37914fdc9e,PETZ DIADEMA,-23.685418,-46.615075,62
ABC,42b5c9a6-8f5e-471e-a00d-a81595b85cb6,PETZ GIOVANNI PIRELLI,-23.664836,-46.492213,61
ABC,a23239c3-b4ad-4f84-9ae4-95ca67a1e101,PETZ SAO BERNARDO,-23.721489,-46.540787,61
ABC,b8559366-a40c-4238-967f-6f404396ff71,COBASI - CAMINHO DO MAR,-23.666613,-46.568881,56
ABC,ff1a2667-200b-4de1-9c14-f73f19ef8c56,EMPORIUM E HORTIFRUTI HIGIENOPOLIS,-23.671424,-46.539169,55
ABC,ff1545b4-28d3-49a3-b709-9e1f80a34dd7,PETZ ASSAI ANCHIETA,-23.668892,-46.576016,55
ABC,55fd7ba9-fa03-488a-b44f-8511058983d1,MINI EXTRA - QUEIROS,-23.669106,-46.506072,54
ABC,cca1f33d-751e-472b-a937-7233d1ec5a8a,COOP - PEREIRA BARRETO,-23.678062,-46.53804,52
ABC,bcbb1f47-8eba-4cf1-8e8a-8db207408efc,COBASI - SBC FARIA LIMA,-23.713927,-46.552242,51
ABC,9ef6d257-df8f-46c3-ab13-29fc443e895b,COBASI - SANTO ANDRE P. BARRETO,-23.67691,-46.53688,50
ABC,38851ef3-cd36-4856-b840-8d14dc8448a9,MINUTO PAO DE ACUCAR - RUA ALEGRE,-23.618219,-46.55456,50
ABC,d4fe7bc2-c5a5-46a0-9b7b-5f8124c8d8fe,HIROTA - SAO BERNARDO,-23.712871,-46.547556,50
ABC,5873df50-cc20-4c56-a752-4fb1970ee173,COOP - RUDGE RAMOS,-23.651342,-46.5753,49
ABC,7533aff9-6b59-48d8-9650-64c03506d473,MINUTO PAO DE ACUCAR AV. PORTUGAL,-23.661835,-46.532943,45
ABC,ef96803d-71bb-4c59-858a-d4c6e46de852,MINI EXTRA GETULIO VARGAS,-23.693397,-46.544261,45
ABC,cc1dc7fa-4a6a-4819-a226-6f7ef83fe726,COBASI - PRESTES MAIA,-23.651908,-46.548959,45
ABC,b336727f-49c2-41ad-a0f0-e360b8ae178b,MINUTO PAO DE ACUCAR SHOPPING GOLDEN,-23.683756,-46.556629,39
ABC,ae452b30-4aad-42e4-be60-ba3f1e56523f,ULTRAFARMA PRESTES MAIA,-23.706675,-46.549178,39
ABC,3d5304ca-e7ce-48b0-b6b3-9ee91f0e515f,CARREFOUR BEBIDAS SAO CAETANO,-23.610744,-46.563902,39
ABC,2ab37792-92ef-4831-b3c5-fd3a9ef0a7c7,COBASI - SBC - JURUBATUBA,-23.703382,-46.553726,39
ABC,db718ca5-81c9-463d-b4ca-d649d2436f6b,DOGS DAY PET SHOP - S. BERNARDO,-23.696604,-46.553804,37
ABC,7096dbb0-02da-44fc-9bdb-f9c99143edf3,MINI EXTRA - LAGRIMAS,-23.64661,-46.57553,37
ABC,01c028e8-3e6a-4dd2-a275-45c8cbe6c32a,PETZ AVENIDA GOIAS,-23.616112,-46.567683,36
ABC,874a6bf7-5eae-4488-98e7-ea188ed3efbf,MINI EXTRA VIEIRA DE CARVALHO,-23.634813,-46.532416,36
ABC,5e502a28-4613-4da6-ba10-9a3c34e55065,MINI EXTRA - CAMPESTRE,-23.641767,-46.549748,35
ABC,22435155-d370-407e-8f01-c21e1599a03d,OXXO - IPANEMA,-23.672894,-46.561076,34
ABC,702fe41b-fd56-4ba3-b23b-255e002e6f72,PEG PESE SANTO ANDRE,-23.651209,-46.561335,34
ABC,5cb9ac45-3649-4e3c-a1bd-727c31c5509b,MINUTO PAO DE ACUCAR - REGENTE FEIJO,-23.671217,-46.526084,34
ABC,21915e63-b766-47bf-b3e4-6bb462c7f3e1,EXPRESS BY VILAREJO | SAO CAETANO DO SUL,-23.63036,-46.556538,33
ABC,84a7149c-996f-4ac7-8483-2ddcad1a91c8,LINO JARDIM HORTIFRUTI,-23.663175,-46.538925,32
ABC,3e3227eb-1fbc-4476-ada5-dbf20e176021,MINUTO PAO DE ACUCAR ESMERALDA,-23.652377,-46.535576,32
ABC,b3535b6b-4a73-44cd-acdc-4e764c835500,PETZ SHOPPING GOLDEN SQUARE,-23.68334,-46.557839,32
ABC,5a599139-5550-4094-9626-0b612f536c28,DOM JAIME HORTIFRUTI,-23.707219,-46.56801,31
ABC,a19acce5-8575-488c-90b5-eff8ce0509bf,PETZ - PEREIRA BARRETO,-23.692445,-46.548049,31
ABC,b54d301b-cf1a-4909-a696-50e89eb46ae3,HIROTA - SAO CAETANO,-23.618625,-46.569799,30
ABC,3452c76c-f73f-40ea-9f93-59743c982a13,PETZ SANTO ANDRE,-23.663052,-46.530509,28
ABC,c7a0ab0c-b3fb-43a8-b747-c029588fc5b7,VENCEDOR ATACADISTA LOJA 37 RIACHO GRANDE,-23.777831,-46.529857,27
ABC,a8e8a74e-6873-4f3b-80c9-af78eb7426f4,DROGASIL - SANTO ANDRE 5 - 1817,-23.632296,-46.531091,27
ABC,9909ac2e-cc9c-4bde-afa7-8586e5953720,DROGASIL - SAO CAETANO - B - 4059,-23.621785,-46.564236,26
ABC,3661b686-f8ef-4ce5-85e5-c061a9c94177,FARMACIA PAGUE MENOS - 7400 - RUA DAS FIGUEIRAS,-23.648362,-46.540452,26
ABC,f0f0812b-d8f5-4fac-b1d0-6e585e453c64,PROMOFARMA 76 - SAO CAETANO DO SUL,-23.638176,-46.559292,23
ABC,e4319dee-4649-4385-ac30-d78a09541600,MERCADO JULIA,-23.69286,-46.643315,23
ABC,25d12835-2e92-4830-ad79-8ab20ea0081c,LOPES SUPERMERCADOS SBC - BEBIDAS,-23.703787,-46.576717,23
ABC,e76bb0f1-be00-4b0a-aca3-a39d30dca5d5,MINI EXTRA OSVALDO CRUZ,-23.638083,-46.565035,23
ABC,9694bf68-74be-4fac-8bbb-58be46b25abf,ZEE NOW - ASSAI ANCHIETA,-23.668892,-46.576016,22
ABC,95533a44-1b14-42b0-9c66-978610a4fc2f,PET SHOP DR. HATO - MARTIM FRANCISCO,-23.628703,-46.515567,20
ABC,6e531bfc-ea08-4a9d-bb39-10f4959e8a38,DOGS DAY  PET  SHOP -  S. BERNARDO 2,-23.71795,-46.551726,19
ABC,d5438718-4e6d-4935-a6cb-f049dcf1bfe7,DROGASIL - SANTO ANDRE 7 - 1958,-23.672611,-46.539687,19
ABC,8abb7707-d43c-4812-8b9f-2aa70903edac,DROGARIA SAO PAULO - NOVA DIADEMA,-23.687203,-46.626086,19
ABC,a8c6c28f-0674-4765-967a-d7042ad1b13e,MCDONALD'S - PRESTES MAIA(PMA),-23.712196,-46.543347,19
ABC,a4677032-40d7-495a-9e8f-2fb52a66ec7a,BIG BY CARREFOUR SAO CAETANO,-23.61048,-46.565001,19
ABC,ef32e056-9788-4f05-a501-3505a28bd509,ZEE NOW SHOPPING GOLDEN SQUARE,-23.68334,-46.557839,19
ABC,6e51334b-848a-4c15-84e1-dcc19c9cd6b5,CARREFOUR EXPRESS - PRACA DA MOCA,-23.691601,-46.623328,19
ABC,f1c6b889-9795-477a-be16-649bf188a223,PETZ CARREFOUR SAO CAETANO,-23.610227,-46.564543,18
ABC,69f1a750-99ce-48c8-a2cb-81740ac1ce9a,CARREFOUR BEBIDAS - SANTO ANDRE SHOPPING,-23.669627,-46.535781,17
ABC,d92df8cc-a92f-4d6c-8434-119307989850,COBASI PET FACIL - SANTO ANDRE,-23.661029,-46.529593,17
ABC,811839b8-43c9-4cb1-8da8-d48e64bf4409,PATTIES SANTO ANDRE,-23.641721,-46.55032,17
ABC,6654d017-9664-4421-9147-6f410852ec15,CARREFOUR EXPRESS - AMAZONAS,-23.614239,-46.569329,16
ABC,56c728e5-c336-402a-a410-226e3c29c278,MCDONALD'S - TABOAO DRIVE(TAD),-23.658278,-46.597771,16
ABC,6301f32c-f2a7-473a-924b-41970c6df76c,CARREFOUR EXPRESS - VISCONDE DE INHAUMA,-23.636764,-46.564749,16
ABC,61c34c1c-9817-4cab-aff0-ac434fbab250,ZEE NOW JOAO FIRMINO,-23.719369,-46.561899,16
ABC,7b186411-2401-40c6-b924-83ad8bdd77e3,COOP - CAFE FILHO,-23.728684,-46.574209,15
ABC,276ea877-6e55-4f19-9c6e-1017487f5df3,PETZ SANTO ANDRE DOM PEDRO,-23.647752,-46.536993,15
ABC,5748b9ae-b679-4983-88c4-b9eb19e16daf,FARMA CONDE 262,-23.720134,-46.563353,15
ABC,e270451d-57cf-42e0-a75d-839eecff7924,MINI EXTRA FIGUEIRAS,-23.642737,-46.543806,15
ABC,453b49f5-c9f4-4ae3-aa08-9992135c342f,ULTRAFARMA ALVES DIAS,-23.716847,-46.584106,13
ABC,343cbd9d-c56d-4ef0-9eb9-d8d156e4c7e4,ZEE NOW SAO BERNARDO,-23.721489,-46.540787,13
ABC,17d78d31-a0d4-4380-8813-253230731515,ZEE NOW GIOVANNI PIRELLI,-23.664836,-46.492213,13
ABC,085ad8b2-f1bf-47d1-a6b4-58eb109bde13,DROGARIA CARREFOUR - SANTO ANDRE - 764,-23.661452,-46.51037,13
ABC,edd84804-38a6-48c8-accc-65228af47ab2,CARREFOUR HIPER - SAO CAETANO,-23.613833,-46.551859,13
ABC,c7660f7b-d14c-44b3-b780-bfa114eb81ba,EXTRA BEBIDAS - VILA GILDA,-23.672549,-46.540074,13
ABC,07dd2144-93c2-4cf5-a0d7-fa0c80dc345c,MERCADO CIZI EXPRESS,-23.692396,-46.560148,12
ABC,952c637d-915d-4e0e-9549-263eed4bc309,MCDONALD'S - CAP. MARIO T. CAMARGO (CMT),-23.696772,-46.506021,12
ABC,09420bf8-1ca3-4fa9-82e6-1ed098ceed45,DROGASIL - S CAETANO DO SUL 6 - 1685,-23.643698,-46.560824,12
ABC,62f14128-c6e8-4601-98fa-3fb58f59a5b3,DROGARIA SAO PAULO - SERRARIA,-23.699281,-46.61191,12
ABC,729f3df7-c0c9-43a6-95bb-cc4e2cc34cad,ZEE NOW DIADEMA,-23.685418,-46.615075,12
ABC,65d20ac2-08ae-4022-957e-8a334426642b,EXTRA BEBIDAS - RUDGE RAMOS,-23.65523,-46.572024,12
ABC,29a70214-d6e2-4d46-a89d-6117eb048da8,EXTRA BEBIDAS - CASTELO BRANCO,-23.723994,-46.578604,12
ABC,08fcebf7-0e48-4d61-9fd3-b1a8b22c95be,EXTRA BEBIDAS - TABOAO,-23.669521,-46.610139,12
ABC,a72f2cb1-81e6-453d-a013-c9b0ee1bf640,CARREFOUR EXPRESS - MANOEL DA NOBREGA,-23.651289,-46.535986,11
ABC,f6810469-f29a-44dd-97f2-252e088fb377,FARMACIAS PAGUE MENOS - 462,-23.691075,-46.580978,11
ABC,b7eeccdd-d37a-4240-95f7-f577df1b7a56,COOP - DIADEMA CENTRO,-23.685487,-46.621667,11
ABC,71570b2d-7e96-40cd-8530-8292a1e1d76a,CARREFOUR EXPRESS - SHOPPING METROPOLE,-23.693091,-46.550702,11
ABC,7d3f480a-ff5c-4035-bfdc-a7889fd442a9,EXTRA BEBIDAS DIADEMA,-23.690514,-46.580224,10
ABC,3fc0268b-90a2-4c8e-a3f2-0b122b6b3817,SUSHI GARDEN ONE - SANTO ANDRE,-23.641721,-46.55032,10
ABC,0c0baf96-53d1-477f-9ac0-e33b9476b7b7,ROLDAO BEBIDAS SANTO ANDRE I,-23.662331,-46.512792,10
ABC,8bf869fc-a163-46f3-97be-bf11a235a1dc,CARREFOUR EXPRESS - ATRIUM SHOPPING,-23.663731,-46.507507,10
ABC,f0533916-7bb1-40ef-bf14-d9c8e914568d,ZEE NOW SANTO ANDRE,-23.663052,-46.530509,9
ABC,9fe30b39-0291-417b-8f65-abbbc03817fd,DROGASIL - SANTO ANDRE - 4064,-23.649065,-46.539474,9
ABC,898d65ee-3aba-468e-9dd6-766b0e1606f6,EXTRA BEBIDAS - CAMPESTRE,-23.641794,-46.54978,9
ABC,0e106d35-d5c7-4d2c-8c3c-450234749b61,DROGARIA SAO PAULO - PORTUGAL II,-23.661243,-46.532792,9
ABC,66ddafa9-1bfc-4191-ab99-fbd2fd4c2f6e,CARREFOUR EXPRESS - PAINEIRAS,-23.648378,-46.538631,9
ABC,35b42c08-a75f-4c70-b22a-ee63e33ca850,DROGASIL - SAO CAETANO DO SUL 14 - 4061,-23.618689,-46.569183,9
ABC,879ad19a-c823-48d8-b76d-749042ae0c49,DROGARIA SAO PAULO- PRESTES MAIA 24HORAS,-23.705711,-46.549987,9
ABC,4a7934b9-0606-4533-846f-900d795d2653,DROGARIA SAO PAULO - SANTO ANDRE,-23.664811,-46.522543,8
ABC,f19b6db5-cb64-4ee8-bb58-3b773dc8edad,ULTRAFARMA - ALVARENGA,-23.698694,-46.647588,8
ABC,a4b0b9e6-3532-4de2-bb4c-ad4fe3d018bf,CARREFOUR EXPRESS - SHOPPING ABC,-23.667797,-46.533564,8
ABC,dff59593-9eab-4f6d-8630-b7174ce9dd1e,EXPRESS BY MARKET - SHOPPING METROPOLE,-23.692826,-46.550357,8
ABC,b581ecce-04a1-4b6d-bf8b-86db5e2a0247,DROGARIA COOP BANDEIRAS,-23.65351,-46.533449,8
ABC,38a42a5e-ac7e-491e-8d4b-934ecb7c6b37,MERCADO SORTE,-23.690992,-46.5466,8
ABC,95e0006c-3859-4b90-a5d8-a87c2a3455a9,ADEGA NAGUMO - S. ANDRE CENTRO,-23.668326,-46.519722,8
ABC,0d076e65-2a93-4fab-bffd-61feba12365a,EXTRA BEBIDAS S BERNARDO,-23.741808,-46.555312,8
ABC,58ba5505-94fd-40ca-8f24-5a867862302b,ROLDAO BEBIDAS SAO BERNARDO DO CAMPO,-23.67198,-46.577485,8
ABC,2c0f5dd3-554a-482c-b399-f5c07b32163f,DROGARIA SAO PAULO - TABOAOZINHO,-23.668012,-46.610403,8
ABC,17abda0d-9079-4890-93de-abf7c55bf8ee,CARREFOUR PET - SAO BERNARDO DEMARCHI,-23.727119,-46.552018,8
ABC,82329b1a-0ec2-4480-9af4-0eaf7ee8936b,PET MAIS RUDGE RAMOS,-23.65195,-46.575282,8
ABC,fb3f36f9-c1df-4676-90db-ea78f61d16d7,D’AVO FARMA SAO BERNARDO,-23.706987,-46.534373,7
ABC,9165ab3d-ac8c-46ed-920f-e12f384f732e,CARREFOUR PET - SANTO ANDRE,-23.663877,-46.510094,7
ABC,948bb18a-6b95-459a-aabd-e6cbb3ff6077,FARMA CONDE - 442,-23.668998,-46.588461,7
ABC,8191e8fb-0f52-4262-b205-46a38dba63b2,AMPM POSTO CENTRAL PARK (R. JURUBATUBA),-23.710819,-46.553199,7
ABC,61befbfb-5376-4544-abc1-31deada7e28d, MERCADO SACOLAO DO CAMPO II,-23.625744,-46.575192,7
ABC,7cd22e38-a685-4af0-8057-53ae4339f18d,ZEE NOW PEREIRA BARRETO,-23.692445,-46.548049,7
ABC,acfd51ad-e859-4d56-8af6-1bbdc0863c3f,POKE GARDEN - SANTO ANDRE,-23.641721,-46.55032,7
ABC,5c300447-2b1b-4981-b18a-61cd78662c28,DROGARIA SAO PAULO - AREA VERDE 24 HORAS,-23.723675,-46.574699,7
ABC,debfb220-4cd2-44de-bd6c-005892f8b9ac,DROGARIA SAO PAULO - KENNEDY II,-23.684854,-46.559273,7
ABC,c9a21c25-5345-4de2-9300-af70573f92d6,PETMAIS ALVARENGA,-23.692001,-46.661614,7
ABC,6e55340e-f426-4037-a769-3494215dc31c,DOM PETROPOLIS HORTIFRUTI,-23.706908,-46.536837,6
ABC,dccb7673-2069-4029-ae3e-7c176896d6f1,CARREFOUR PET - SAO CAETANO,-23.610346,-46.564571,6
ABC,7061d5bc-2c87-4069-a062-7e616a42b7ea,DROGARIA COOP - CAPUAVA,-23.640564,-46.499324,6
ABC,38a185ca-3eae-4c6f-b8ec-6020ad6471b7,MULTICOISAS  - BAIRRO JARDIM,-23.651703,-46.535351,6
ABC,bd981535-23f9-4f0f-a8bd-813188c54001,MINI MERCADO E PADARIA.,-23.735364,-46.578482,6
ABC,7a71fc7c-3a39-4a3d-afee-d0447548e14a,DROGASIL - SANTO ANDRE 19 - 4156,-23.666467,-46.489852,6
ABC,9f305628-a874-45e3-8c24-d2a2878986cf,DROGARIA COOP - ANTONIO AMAZONAS,-23.659173,-46.540443,6
ABC,9fa9afc2-441a-435c-bc8e-eed87bfb5e0c,FARMACIAS NISSEI - 166,-23.667598,-46.61012,6
ABC,e31e2dad-2b77-4e30-a530-d046f852bb45,DROGARIA SAO PAULO - ATLANTICA,-23.665986,-46.544059,6
ABC,1d56ee2c-c2dd-494c-bfb6-11f302c4d6e7,MERCADO SACOLAO DO CAMPO I,-23.62392,-46.554172,5
ABC,a7a72066-df38-4d8c-826f-0291bb42e3fc,DROGASIL - S CAETANO DO SUL 15 - 4633,-23.62682,-46.567937,5
ABC,c9ae96dd-4b18-44b8-8e63-efd37b00515c,JOANIN - LOJA 24 - SAO JOAO CLIMACO,-23.619318,-46.58497,5
ABC,105853a6-adbf-4768-957e-a664de4e721d,DROGARIA COOP - DIADEMA,-23.692591,-46.619787,5
ABC,0189171c-cab3-4aaf-b201-31d29a2f935c,DROGASIL - SANTO ANDRE 20 - 4188,-23.675964,-46.520421,5
ABC,b234988b-dde6-4644-8d50-3fe0c7f04d2e,DROGASIL - SAO BERNARDO CAMPO D - 4056,-23.654081,-46.572306,5
ABC,f113c7fd-9232-4900-943b-29511c75eb0c,ROLDAO BEBIDAS STO ANDRE II (JOAO RAMALH,-23.651366,-46.511171,5
ABC,88d68c1a-e4be-45b4-9ad2-a000dee6db6a,DROGARIA COOP - AFONSINA,-23.654012,-46.565657,5
ABC,0484126a-7d46-4757-b23e-6ab02cd8dcf0,DROGARIA SAO PAULO - JARDIM MIRIAM,-23.681187,-46.638822,5
ABC,9e25611f-3620-4776-97fa-3e861875206c,DROGARIA COOP - AVENIDA SAO PAULO,-23.666346,-46.490227,5
ABC,b1da46de-642e-4b43-8094-e08522b73215,PETZ SHOPPING GRAND PLAZA,-23.646779,-46.533865,5
ABC,bee0258f-a336-4ec8-96b0-5f5636408514,ADEGA DOS ATLETAS,-23.674847,-46.524022,5
ABC,d3cda5c0-c80c-4e9e-9e76-3486fb3450af,DROGARIA SAO PAULO - VILA LUZITA,-23.692161,-46.506354,4
ABC,196f1dea-13c7-4e25-8bf4-4f34e93d738f,DROGARIA COOP - LINO JARDIM,-23.662335,-46.538797,4
ABC,5c9ed786-1204-46f2-87c5-cb86c713f3bd,JOANIN - DROG. 01 - OSWALDO CRUZ,-23.628621,-46.567347,4
ABC,08721a39-46d1-4d39-a83e-305a0adabc8b,DROGARIA COOP - VILA LUZITA,-23.698259,-46.50641,4
ABC,0f99aef3-302b-46e0-aef2-f42ae8ff9c54,DROGALESTE JARDIM ADUTORA - 19,-23.614903,-46.50282,4
ABC,386a86aa-e546-4d5c-a333-fedf78c3cf71,DROGASIL - S BERNARDO CAMPO 22 - 4262,-23.710704,-46.552998,4
ABC,f9dab15f-07c9-4e05-86bd-971ccadc7d81,FARMACIAS PAGUE MENOS - 257,-23.701805,-46.551481,4
ABC,46862ab5-8473-46e0-9762-611dc167e024,ADEGA NAGUMO - SOLAR - STO ANDRE,-23.693627,-46.505282,4
ABC,0007313a-3e2e-4961-9e4e-e840b14a8ae7,DROGARIA SAO PAULO - DEMARCHI,-23.73874,-46.553741,4
ABC,2316e487-0b69-472d-a474-d21e235c3ae9,DROGARIA SAO PAULO - SANTO ANDRE II,-23.666265,-46.495406,4
ABC,b44082e0-9c13-4f36-b44c-fb0763448eed,DROGASIL - S BERNARDO CAMPO 24 - 4632,-23.69249,-46.560798,4
ABC,411d2e44-cf80-4215-abb3-90fea91539aa,DROGARIA SAO PAULO - ELDORADO DIADEMA,-23.717933,-46.623422,4
ABC,50ff62f8-29b3-4b0c-a4c1-48f9501ad572,PET SHOP C&G,-23.640019,-46.500752,4
ABC,dabc0a60-5d90-480e-906e-7892beb0934c,DROGASIL - SANTO ANDRE 22 - 4239,-23.644092,-46.504107,4
ABC,62c63185-a901-480f-8a14-7ab6016f91fc,PRO PHARMACOS - ASSUNCAO - SANTO ANDRE,-23.66713,-46.531467,4
ABC,d2468d74-b670-419f-925a-0d50209b24ed,NESPRESSO - SAO CAETANO,-23.625658,-46.580161,4
ABC,6fb947b7-5a0b-49f2-ac54-4f73257ad8ee,DROGARIA COOP - UTINGA,-23.619443,-46.53845,4
ABC,8721df08-70ee-4461-8cba-b3de07055b9c,CARREFOUR MARKET - SANTO ANDRE II,-23.66533,-46.526853,4
ABC,12491baa-903c-4a5b-aab8-88b8b84b7b30,ADEGA RS,-23.68971,-46.637302,4
ABC,b7a78b5b-0434-45a1-826d-69aae07a45ac,HORTIFRUTI SUPER DIA,-23.685902,-46.587632,4
ABC,7bd947d1-b3e4-4f53-bb06-c5301f5ceec1,DROGARIA COOP - MARTIM FRANCISCO,-23.626519,-46.518932,3
ABC,518817eb-8468-4e72-891b-9eeef04aa110,OBA BEBIDAS - SANTO ANDRE,-23.653867,-46.533109,3
ABC,88fbb58c-b36e-403e-9fa1-10e3285458d0,DROGARIA COOP - PARQUE DAS NACOES,-23.638834,-46.517235,3
ABC,35051d26-49b8-486d-8ceb-ad65d4185aaf,ZEE NOW SANTO ANDRE DOM PEDRO,-23.647752,-46.536993,3
ABC,6a475492-cd96-4870-b28c-6c8dd7aa2945,DROGARIA COOP - VIANAS,-23.702635,-46.537702,3
ABC,427042b0-6313-48db-8f1f-3bf0c7fb03c4,DROGARIA COOP - REGENTE FEIJO,-23.671427,-46.526582,3
ABC,351c895e-cce7-496b-8789-ebc805e0ba30,HORTIFRUTI PERIMETRAL,-23.665118,-46.517943,3
ABC,04626800-ce55-4b45-943c-92b29ccf0520,DROGARIA COOP - VISCONDE,-23.630542,-46.566369,3
ABC,bf482631-bf66-439c-9e68-a2adeab19513,FARMA CONDE - 420,-23.700542,-46.560224,3
ABC,49a4c48c-1061-4639-af4a-3d38f2f9aa93,ISLA CONVENIENCIA,-23.642332,-46.551031,3
ABC,08109522-934c-4eeb-ac0d-8722f3ab5f03,DROGARIA SAO PAULO - QUEIROS FILHO,-23.67165,-46.505,3
ABC,ca939d45-e364-4ebd-8055-766939a7238d,DROGASIL - DIADEMA 5 - 4222,-23.688846,-46.591108,3
ABC,4c8f1705-268d-459e-983e-c154c488a217,UAU MY DOG PETSHOP - SANTO ANDRE,-23.663093,-46.538895,3
ABC,4a81918b-8698-4167-97da-ca6102fd43e6,RESENHA BEBIDAS,-23.627077,-46.524482,3
ABC,83e7938a-ef5f-48ae-b572-2e17ec7f0964,FARMA LOUISE,-23.71841,-46.527573,3
ABC,21d08401-b055-4a24-b47e-06ce5e90fed1,DROGARIA COOP - QUEIROS FILHO,-23.670084,-46.506053,3
ABC,8e54747b-3065-42ba-b9ed-9663761cd958,DROGARIA SAO PAULO - SENADOR VERGUEIRO,-23.67053,-46.560148,3
ABC,17501426-483d-4f45-8ac2-03a9e92690ee,ZEE NOW AVENIDA GOIAS,-23.616112,-46.567683,3
ABC,d7c0bfd8-f153-4080-8b3b-2fcf3360c946,DROGASIL - CR SAO CAETANO - 1142,-23.610512,-46.565002,3
ABC,c7d4c607-f358-4064-b67b-f1f432800d01,FARMA CONDE 320,-23.701033,-46.518989,3
ABC,f53f379f-ce41-4c39-af5f-5c6fa33c175c,ZEE NOW -  CARREFOUR SAO CAETANO,-23.610227,-46.564543,3
ABC,65a56501-22b8-48a9-8e79-b07735cb61ab,PET SHOP ANIMAL SHOPPING,-23.634997,-46.503196,3
ABC,bedd5e0c-c019-4253-a497-477c32a6c635,CE DELIVERY BEBIDA GELADA A PRECO BAIXO,-23.710759,-46.553276,3
ABC,607920d2-8520-43d9-b582-e2978816ac66,BEBS - ABC  #BEBIDAS GELADAS EXPRESS#,-23.66083,-46.608324,2
ABC,09ef93d0-efa6-4533-b7c6-64b9026d2e30,DROGARIA COOP - PERIMETRAL,-23.664331,-46.523408,2
ABC,1161f932-5f2b-46f5-8967-96ded11dc781,PAO DE ACUCAR BEBIDAS - AV. PORTUGAL,-23.661567,-46.533306,2
ABC,10782817-82d1-42a3-94e6-f03034121796,DROGARIA COOP - JARDIM MILENA,-23.694021,-46.529779,2
ABC,865ff7be-9fbb-4dea-ac75-97d8438f5b0b,PAO DE ACUCAR BEBIDAS -  SANTO ANDRE,-23.652385,-46.536505,2
ABC,8982e1ed-d9c2-4f31-8e54-96c2539c5958,VILLAGE BEBIDAS,-23.682521,-46.640415,2
ABC,9a9e4a20-91d7-42ee-ac48-ded2ea19e139,DROGARIA SAO PAULO - PEDREIRA,-23.69331,-46.659425,2
ABC,b2db0437-756a-4cb1-a02b-599a42a621df,O BOTICARIO - SHOPPING PRACA DA MOCA,-23.692689,-46.623684,2
ABC,811d864d-2ff2-4887-bdb2-5c8609777611,DROGARIA COOP - GETULIO VARGAS,-23.692178,-46.543816,2
ABC,07e9cc70-4b9d-4319-acf0-0aae8f656c49,PRECOLANDIA ABC,-23.669151,-46.533919,2
ABC,a1ef63bd-3e59-40a0-92af-6e5463698f3f,ADEGA DOS PRIMOS,-23.703902,-46.605771,2
ABC,4140c15a-08f2-45f3-b60f-1c90ea5b34c0,DROGARIA SAO PAULO - JURUBATUBA,-23.710924,-46.553468,2
ABC,345ed6bb-1b0e-4f3d-95d2-1a5da4ae4e50,DROGARIA SAO PAULO - TABOAOZINHO II,-23.656487,-46.596144,2
ABC,d9aa25da-8f90-4017-8f6c-6e0718c0ba21,AMPM PETROGAL,-23.692578,-46.622499,2
ABC,c4df5a96-edc5-4a3f-a332-9ee798b00973,DROGARIA SAO PAULO - SAO CAETANO DO SUL,-23.619449,-46.569361,2
ABC,1e429a75-34dd-4915-8f10-1185e5045983,DROGARIA COOP - DOM PEDRO,-23.671201,-46.514532,2
ABC,ac67805d-e8c4-432f-a722-cb02a25ea177,DROGARIA SAO PAULO - PALMARES,-23.651211,-46.561331,2
ABC,96c79932-66c2-4179-9b0e-560bbeb351b1,ALFARMA - CAMILOPOLIS,-23.621377,-46.52788,2
ABC,d682f5dd-97ee-4765-a5f3-38eac31313ae,DROGASIL - S BERNARDO CAMPO 5 - 1840,-23.667516,-46.568053,2
ABC,9f5145b3-23d8-4628-a33b-4709c9a7c52c,ADEGA NAGUMO - CAMILOPOLIS,-23.620935,-46.528427,2
ABC,5ff48d02-3e1f-4758-a579-624814e6b603,DROGARIA COOP - KENNEDY,-23.618757,-46.556692,2
ABC,5828f26a-3638-4b11-85c8-46ca85bf23df,DROGARIA SAO PAULO - VILA LINDA,-23.684714,-46.521772,2
ABC,b777d1df-6e04-4bac-b2a9-73efd76bdc2c,ULTRAFARMA - UNIDADE VILA SAO JOSE,-23.676092,-46.583347,2
ABC,d619a5c2-8763-4c3d-84d5-b55aa72ba5fe,AMPM JARDIM IMPERADOR,-23.717145,-46.583799,2
ABC,393559dd-2eef-4b71-912d-89194cfcf459,DROGARIA COOP - CASTELO BRANCO,-23.713061,-46.586766,2
ABC,1f47cc1e-7393-4674-8be6-17ec3803d41c,DROGARIA E PERFUMARIA RIACHO GRANDE,-23.779453,-46.530561,2
ABC,189d2b63-70c2-4b0d-be6d-d470faeae3fc,DROGARIA COOP - ATLANTICA,-23.666325,-46.544481,2
ABC,9a96b802-c297-40e3-bcc3-c98e070d8686,PET MAIS TABOAO,-23.659361,-46.598605,2
ABC,8924ecf2-3476-423e-b861-1ff91b8733d3,DROGARIA COOP - PEREIRA BARRETO,-23.678105,-46.538206,2
ABC,1e34d350-d64c-40ae-9038-228afe53feda,PRIMICIA SUPERMERCADO,-23.621126,-46.508762,2
ABC,1c8adfbe-4b34-4c7d-b5cc-af638a2e1e49,DROGARIA SAO PAULO - GOIAS,-23.616638,-46.568141,2
ABC,cad2cc5c-4961-499e-9dab-20075df924c2,SUPRI PETS,-23.626782,-46.566628,2
ABC,3d00812b-240c-4cc6-aba6-373b2dc0bb06,VITORINO TABACARIA DRINKS E PETISCOS,-23.63196,-46.5781,2
ABC,9deb9aa3-9884-4b6d-ba63-04eb8b4f040c,O BOTICARIO - CARREFOUR DIADEMA,-23.684977,-46.632136,2
ABC,9b867dd8-a8b3-4c10-80d9-2995f83c9cb0,DROGARIA SAO PAULO - PARQUE NOVO ORATORIO,-23.634155,-46.501723,2
ABC,af963401-090c-4e55-b80b-ff159d525760,DROGARIA COOP - DEMARCHI,-23.738313,-46.553407,2
ABC,62d6c861-941e-456b-b18d-fcfb1dafcf2a,CARREFOUR EXPRESS - SENADOR FLAQUER,-23.66002,-46.526572,2
ABC,a1dd8f1a-d529-40ef-ac36-1d5cb1c0ab1b,DROGARIA COOP - AMAZONAS,-23.61786,-46.569258,2
ABC,9601c0c7-6a99-44fa-a12c-bb3d99eaeb3b,DROGARIA SAO PAULO - CAMPANARIO,-23.667602,-46.618756,2
ABC,1846affa-6229-4694-97d8-32227155c317,ULTRAFARMA DIADEMA - 82,-23.721171,-46.620049,2
ABC,7a3c2c77-1903-4eae-a7af-27da486b0d41,DROGARIA SAO PAULO - DIADEMA II,-23.692736,-46.623499,2
ABC,bfc0b4da-692c-4b3c-a67f-84fbb1abecc4,DROGARIA SAO PAULO - PEREIRA BARRETO,-23.68319,-46.546412,2
ABC,65da55ba-36b4-4e38-8cde-64a2002fddb3,DROGASIL - SANTO ANDRE 18 - 4125,-23.670214,-46.505538,2
ABC,00bc6d7b-ca32-46db-abff-5ca443f0773f,DROGARIA 2 IRMAOS,-23.750965,-46.598866,1
ABC,0a0d78d7-be8c-4d6c-862c-dd2860f54710,COOP - UTINGA,-23.619443,-46.53845,1
ABC,91922372-5124-4c03-b7a1-71122ffbb877,PAO DE ACUCAR BEBIDAS - R. JOAO MARTINEZ SOROCABA,-23.659259,-46.557154,1
ABC,2c4097c4-7f40-4d0c-adab-ca42da8e4ec8,CARREFOUR SHOPPING - SBC DEMARCHI,-23.727119,-46.552018,1
ABC,c0065554-c881-4192-b8d6-4da65724bd67,ADEGA EITA SEDE!,-23.703246,-46.562664,1
ABC,57cfeeef-80ed-4243-9f71-bbe9d031081c,O BOTICARIO - CARREFOUR SANTO ANDRE,-23.64625,-46.526795,1
ABC,8982e1ed-d9c2-4f31-8e54-96c2539c5958,VILLAGE ,-23.682544,-46.640404,1
ABC,9b388cd9-bbb1-4528-8688-1f38400a29f8,ADEGA RAINHA ESQUENTA,-23.647195,-46.518462,1
ABC,fb468f65-c1e9-4aa3-a7db-c8ca04b1209f,DROGASIL - S BERNARDO CAMPO 12 - 2705,-23.7172,-46.548825,1
ABC,f957764a-7894-4441-b6b1-d745d4b97769,DROGASIL - S BERNARDO CAMPO 9 - 2330,-23.723845,-46.573703,1
ABC,08265bae-3c4c-4c5d-8b00-a895202f03bc,DROGARIA SAO PAULO - PARQUE DAS NACOES,-23.637434,-46.517038,1
ABC,03409563-8988-4bbb-ad52-b86dc7e3ee93,DROGASIL - S CAETANO DO SUL 9 - 2891,-23.616738,-46.559396,1
ABC,57d98242-1a97-4d1e-89b8-5b94e28886da,COXINHA SHOW ABC,-23.67393,-46.53991,1
ABC,9452c520-bf71-4115-a0d0-c62b7fcff30a,DROGARIA COOP - HUMBERTO DE ALENCAR,-23.705678,-46.589233,1
ABC,0d626378-5318-41d5-b371-625025b1cdf5,DROGASIL - S BERNARDO CAMPO 23 - 4326,-23.684808,-46.54761,1
ABC,33fde338-8cff-4aa8-a9dc-2cabb1c77fc1,FARMA 100 - MARAJOARA - SANTO ANDRE,-23.668013,-46.488926,1
ABC,1f2c7fae-3cff-4393-b601-07e15fd9a7d6,DROGARIA SAO PAULO - JARDIM II,-23.652959,-46.532415,1
ABC,2666ae4c-5ceb-4e25-923b-3e4d5f352ca9,ADEGA REIS,-23.602511,-46.526341,1
ABC,dc74541d-0de8-4258-ac3a-ef2bd3f12fc8,DROGARIA CARREFOUR - DEMARCHI - 753,-23.727119,-46.552018,1
ABC,a3a89715-17cf-4346-8d07-f85015b383f1,ADEGA 3MC,-23.610125,-46.532411,1
ABC,f8840fd0-ff1c-4c19-8f7f-24df416886ee,O BOTICARIO GUILHERME MARCONI - VILA ASSUNCAO,-23.667507,-46.525092,1
ABC,2a5c3620-251a-4a7d-a88f-20e8de9a16d1,EMPORIO JACATUBA,-23.645487,-46.519214,1
ABC,81685189-b885-4fcc-81f8-b79c9f6af6eb,VINHO&PONTO - SCS,-23.622109,-46.562273,1
ABC,c772a07d-9b25-4181-9cd3-497f1ebd1046,LOJASMEL - DIADEMA,-23.687355,-46.626453,1
ABC,afe5e6f6-fc84-4b87-bace-5bb885854979,DROGASIL - SCS PRACA MAUA - 1697,-23.646802,-46.576085,1
ABC,35761a16-ff4d-46fb-b9ea-d155de827f13,BRUN'S ADEGA&TABACARIA,-23.709414,-46.531326,1
ABC,2c545c40-641c-4ac2-afc6-8cfaa978f2ae,ADEGA HL,-23.61997,-46.495784,1
ABC,98d629b6-e520-4940-adba-512f182c2950,DANNY COSMETICOS LJ 20,-23.69134,-46.62351,1
ABC,e0090c54-b25a-4032-ad69-5a0585f62026,ADEGA ARTESANAL,-23.647195,-46.518462,1
ABC,49f1f0af-5ef8-4727-bd15-545915c292ae,ADEGA MADRUGA,-23.704008,-46.58194,1
ABC,676e0797-37f4-4a0c-97ef-edb704d4512f,PRECOLANDIA GRAND PLAZA,-23.648204,-46.532522,1
ABC,7bd2525b-336c-471a-a8c4-1c36e4638b77,TABADEGA W&L,-23.74226,-46.606577,1
ABC,f892800b-1c79-4895-835d-d3715d643cf0,DROGARIA COOP - ANTONIO PIRANGA,-23.681843,-46.605543,1
ABC,52f40492-d65f-439e-9779-a57e951cfd8f,MERCADO DONA THEREZA,-23.620005,-46.557311,1
ABC,cd25652c-98c8-4e8d-8a22-2119861b7358,DROGARIA COOP - TIRADENTES,-23.719954,-46.541009,1
ABC,22bd5df0-b07c-4d1d-addb-7c26d8a94a3b,PBKIDS GOLDEN SQUARE SAO BERNARDO,-23.683756,-46.556629,1
ABC,622cc650-7b57-4045-845f-ba35087af792,FARMA CONDE 240,-23.714498,-46.531907,1
ABC,d7a829f3-7dff-4781-ab51-d90c714241e0,FARMA CONDE 401,-23.691018,-46.630434,1
ABC,3569000a-5d3a-4694-8eb8-566539b70194,DI MONI MOMENTOS - CESTAS & PRESENTES,-23.705876,-46.513128,1
ABC,6d408269-e37a-4c3b-bf19-4817b04a1da6,DROGARIA COOP - JOANA ANGELICA,-23.62892,-46.553074,1
ABC,628e7c91-183f-471f-900e-f7ca99fa19e8,ADEGA DO LIGEIRINHO,-23.613198,-46.493354,1
ABC,90ed8fa3-54eb-43d4-b166-d060e360138e,PRECOLANDIA - SAO BERNARDO PLAZA SHOPPING,-23.723222,-46.543195,1
ABC,0c228b68-657a-4b0e-b096-163175d112de,RI HAPPY ATRIUM SANTO ANDRE,-23.663731,-46.507507,1
ABC,38be0f7a-5cae-4ee7-9bb6-cfb6a863041e,HORTIFRUTI EMPORIO DAS FRUTAS ,-23.747817,-46.549724,1
ABC,d9acbf30-cdbd-4cb8-a99c-0b8014b09864,FARMA CONDE 303,-23.705676,-46.651781,1
ABC,61befbfb-5376-4544-abc1-31deada7e28d,MERCADO SACOLAO DO CAMPO II,-23.625744,-46.575192,1
ABC,83af21ee-1e16-40d3-af87-f747e55a8fdb,JOANIN - LOJA 17 - ORQUIDEAS,-23.750674,-46.598593,1
ABC,ed2bf8a2-cf98-4630-8634-003e1752967f,DAVIMED DROGARIA I,-23.659096,-46.598266,1
ABC,aff09c30-73c8-4a2e-bee9-0cc606dc2d11,DROGARIA SAO PAULO - GOIAS II,-23.6159,-46.572661,1
ABC,9282f9fb-0328-4220-924f-780d10d1e170,ACQUA COSM E UTILIDADES DOMES BRINQUEDOS,-23.691713,-46.61856,1
ABC,854902f6-c173-4e5c-a5d3-271138900ce9,MUNDO DO CABELEIREIRO - SHOPPING METROPOLE SBC,-23.692826,-46.550357,1
ABC,7801bbfa-1441-4020-a767-5c2f9ee404cf,DROGARIA SAO PAULO - CASA GRANDE,-23.708413,-46.595621,1
ABC,cc7837ea-f6bb-4086-af1a-906bc6ea38e5,DROGARIA EFARMA,-23.708307,-46.551093,1
ABC,14771c98-82e0-4430-8f74-8868a7fcb502,ADEGA IMPERIO,-23.622919,-46.484326,1
ABC,30593a71-55a4-44d7-a55e-dbbc0021f9e9,NOSSO DRINK - 2236106,-23.710819,-46.553199,1
ABC,1d059967-70ef-4eec-a8f1-23eaf7ce1689,COOP DROGARIA  - KENNEDY II,-23.629051,-46.556624,1
ABC,e595aa2f-f028-4f6f-8bf7-5dc30f646841,DROGARIA SAO PAULO - SAO BERNARDO III,-23.713149,-46.549981,1
ABC,5ffe146b-4846-49a7-9e0c-7451121f3775,DROGASIL - SANTO ANDRE - D - 4063,-23.646135,-46.513498,1
ABC,fef69056-aa3d-467d-ac5c-325f994cff8f,MORINGA D'AGUA,-23.620951,-46.566379,1
ABC,c90e3437-e06a-4c28-9e79-f7d8bea49bb6,LOJASMEL - SHOP PRACA DA MOCA,-23.691601,-46.623328,1
ABC,9db78bd3-bd11-49f3-8c73-abebb558b062,DROGARIA COOP - CAFE FILHO,-23.72832,-46.57422,1
ABC,42c87fdf-ddf2-4106-8945-5494d712b21a,DROGARIA SAO PAULO - PLANALTO,-23.694653,-46.568177,1
ABC,dcceefce-222a-4f2f-b124-b9763f3179b9,ADEGA DANTAS,-23.670314,-46.600604,1
ABC,9c457b1e-c31f-4048-9b72-3572458a4b10,KAFOFO ADEGA SAPOPEMBA,-23.613983,-46.497997,1
ABC,523c4e71-cb85-43fc-b1bb-30059fd24e13,MINEIRAO ABC,-23.631351,-46.561089,1
ABC,b3524045-6598-45c1-a430-5748634192b0,ROYAL ADEGA,-23.663969,-46.599629,1
ABC,c0e43f99-e2d8-4e9c-ab4b-27d6832c1bb1,DROGARIA SAO PAULO - BAIRRO ASSUNCAO,-23.721706,-46.567319,1
ABC,6c7e9b6d-33b0-4015-b637-379339bc330a,ZEE NOW SHOPPING GRAND PLAZA,-23.646779,-46.533865,1
ABC,5971ed32-367d-44b2-9a51-f9d4990e903b,PADARIA & MERCADINHO RODRIGUES,-23.694928,-46.657187,1
ABC,69b2ba29-e4cc-4026-9469-7280ef1856e6,ADEGA3K ACARAJE DA DONA GIL ,-23.70357,-46.629462,1
ABC,1f929a1d-eecb-41df-9788-2d800bd0c571,ADEGA ATLANTICA,-23.668844,-46.550928,1
ABC,0e3f63cb-f79b-4570-b6b3-2369fc225e48,CARIBE - ADEGA E CONVENIENCIA,-23.711832,-46.637321,1
ABC,d727f0b9-a66e-49b1-8688-426c62194b72,ULTRAFARMA - FERRAZOPOLIS,-23.72363,-46.536159,1
ABC,9b98532d-3e31-4956-a878-79b51f8a20cc, PET SHOP ANIMAL SHOPPING- CENTRO,-23.665509,-46.523051,1
ABC,afdf3c98-e6a2-48af-81a2-6c98b5da9080,DROGARIA COOP - DIJALMA DUTRA,-23.718565,-46.549039,1
ABC,f42db58c-25f4-4eaa-9f79-7a06f328787f,DROGARIA SAO PAULO - JARDIM,-23.650792,-46.535031,1
ABC,65592181-f6c7-4ea6-9c3b-889c0ba1be09,BAR DO BILL,-23.71372,-46.527,1
ABC,642d534c-b835-4f3e-b288-1efdf1a57237,DROGARIA SAO PAULO - JARDIM DO MAR,-23.692448,-46.556008,1
ABC,fd9fb334-4bc3-40db-bbb0-d7885b532609,DROGASIL - S BERNARDO CAMPO 7 - 2008,-23.73739,-46.553844,1
ABC,3a9c1401-da25-4ddc-9584-f44aa363c170,PROMOFARMA 67 - ALVARENGAS,-23.693411,-46.65744,1
ABC,8b8e5f3b-393f-4956-87fc-6c72f655eb7b,FARMAFER DROGARIA,-23.652157,-46.529128,1
ABC,57bebed1-b0b7-414b-b9d9-203272590179,DROGARIA SAO PAULO - SAO BERNARDO DO CAMPO II,-23.717216,-46.546799,1
ABC,6624bda2-0f6c-42a6-918f-4194bcd84078,PRO PHARMACOS - MARAJOARA - SANTO ANDRE,-23.665817,-46.489776,1
ABC,89fa7968-cf01-43be-9bfb-eee60dfa9d8b,DROGARIA SAO PAULO - PARQUE NOVO ORATORIO II,-23.634383,-46.503459,1
